id,name,wkt
1,Coastal Transect,"LINESTRING(24.930000 60.160000,24.940000 60.165000,24.950000 60.170000)"
2,River Path,"LINESTRING(21.472000 62.241000,21.475000 62.243000,21.478000 62.244000)"
