id,name,geometry
1,Point A,"POINT(25.000000 60.200000)"
2,Line A,"LINESTRING(25.000000 60.200000,25.100000 60.250000)"
3,Polygon A,"POLYGON((25.000000 60.000000,25.100000 60.000000,25.100000 60.100000,25.000000 60.100000,25.000000 60.000000))"
4,MultiPoly A,"MULTIPOLYGON(((25.000000 60.000000,25.100000 60.000000,25.100000 60.100000,25.000000 60.100000,25.000000 60.000000)))"
5,WGS84WKT Example,"POINT(24.935450 60.169520)"
