id,name,wkt
1,Small Park,"POLYGON((24.941000 60.165000,24.945000 60.165000,24.945000 60.170000,24.941000 60.170000,24.941000 60.165000))"
2,Lake Area,"POLYGON((21.470000 62.240000,21.480000 62.240000,21.480000 62.245000,21.470000 62.245000,21.470000 62.240000))"
